first_name,last_name,email,phone_number,address,job_title,department,salary
Joseph,Hanson,joseph.hanson@email.com,+1-555-745-8027x569,"346 Smith Ports
Lake Scotttown, TN 91200",Estate agent,Finance,106651.01
Matthew,Price,matthew.price@email.com,977.848.7394,"228 Kristina Key
North Mariomouth, VT 43458",Games developer,IT,107384.76
Michael,James,michael.james@email.com,001-564-635-5390x5172,"862 Floyd Port Apt. 010
Port Kimberlyport, ME 24304",Community education officer,Marketing,57033.24
Derrick,Roberts,derrick.roberts@email.com,884.900.2128x4340,"272 Michael Mills
South Randall, KS 87154","Optician, dispensing",IT,87732.46
Janice,Austin,janice.austin@email.com,691-910-1933x1995,"555 Amy Cove Suite 927
Matthewschester, AK 79803",Interpreter,HR,43538.35
Ernest,Diaz,ernest.diaz@email.com,+1-790-307-3278x4173,"85376 Jonathan Fords
North Christian, ME 67567",Sports therapist,Sales,66477.25
Patty,White,patty.white@email.com,8314367818,"769 Wright Unions Suite 007
West Erin, KS 36532",Exhibition designer,Marketing,106650.79
Connie,Morris,connie.morris@email.com,984.912.4910x828,"929 Veronica Mission Suite 910
Stevensonfurt, ME 13608",Sub,IT,104314.19
Jordan,Gonzalez,jordan.gonzalez@email.com,+1-939-471-8626x0632,"15997 Heather Corners
North Jenniferstad, VT 05952","Pharmacist, community",HR,78272.23
Paula,Watson,paula.watson@email.com,(200)738-7189x6603,"40327 Holder Mountains Apt. 628
West Robertside, CT 50583",Ophthalmologist,Finance,87147.62
Sarah,Murphy,sarah.murphy@email.com,+1-693-612-6929,"3148 Simpson Falls Suite 631
Zacharyton, AS 81166","Psychologist, prison and probation services",Finance,88247.15
Ian,Kelly,ian.kelly@email.com,501-603-5121x884,"713 Molina Harbor
Lake Julian, MH 35240",Airline pilot,HR,97324.33
Ashley,Martinez,ashley.martinez@email.com,4173508520,"953 Erika Shore
Alexandermouth, ID 09320",Accommodation manager,IT,74947.67
Michael,Wright,michael.wright@email.com,223.781.2924,"403 Sarah Causeway
Nolanmouth, WA 88180",Equities trader,Finance,107014.1
Nancy,Johnson,nancy.johnson@email.com,001-596-670-6133,"USCGC Santos
FPO AA 77610",Press photographer,Sales,115980.26
Erin,Gomez,erin.gomez@email.com,6385863951,"066 Jordan River
Lake Jerome, NJ 80735",Geophysical data processor,IT,114566.84
Emily,Becker,emily.becker@email.com,+1-912-747-5115x122,"267 Moran Rue
Port Jeffrey, NE 74594",Chiropodist,Finance,47354.35
Travis,Carter,travis.carter@email.com,514-690-4613,"238 Meyer Drives Apt. 288
New Jessica, NC 28237",Arts administrator,Sales,47077.97
Mark,Aguilar,mark.aguilar@email.com,001-324-611-4179x0487,"70497 Justin Mountains Suite 852
Colemanhaven, AK 40878","Research officer, trade union",IT,78920.94
Christine,Harris,christine.harris@email.com,999.524.5277,"867 Patricia Manor
Hansonburgh, DE 72355",Dealer,Sales,84336.16
Jessica,Payne,jessica.payne@email.com,+1-650-337-5572x409,"26203 Wright Wall
North Joseph, MT 28855",Leisure centre manager,IT,101979.25
Travis,Wilkinson,travis.wilkinson@email.com,9014606687,"4934 Rhodes Junction Apt. 936
Robertsview, NM 04574",Environmental consultant,Finance,62104.18
Andre,Harris,andre.harris@email.com,+1-699-763-9289,"PSC 2099, Box 0946
APO AA 94097",Radio broadcast assistant,Marketing,111088.34
Megan,Hancock,megan.hancock@email.com,(237)515-0109,"52680 Andrade Rapids Suite 774
Lake Nicholas, TX 50656",Professor Emeritus,Sales,64848.49
Anthony,Mccoy,anthony.mccoy@email.com,001-871-468-5410x998,"68748 Wheeler Terrace
West Kimberly, ID 13118","Scientist, research (physical sciences)",Sales,82497.29
Sean,Castro,sean.castro@email.com,2349453139,"958 Diaz Crescent
West Bobbyberg, GU 06188",Soil scientist,IT,65335.26
Michael,Gilmore,michael.gilmore@email.com,001-237-708-8302,"44612 Scott Club
North Amber, RI 40085","Administrator, sports",Finance,83560.23
Alexander,Johnson,alexander.johnson@email.com,(311)251-3659,"233 Matthew River Suite 349
North Jessicabury, MA 19579","Pharmacist, hospital",Finance,70647.57
Crystal,Aguilar,crystal.aguilar@email.com,001-837-343-1940x8895,"5864 Valencia Drive Suite 052
Nicholasview, NE 38000",Research scientist (maths),Marketing,73959.52
Brenda,Frost,brenda.frost@email.com,838.241.7555x789,"3449 Johnson Radial Apt. 946
Port Michaelside, ND 92817",Building control surveyor,Finance,41179.78
Devin,Clark,devin.clark@email.com,509-866-1794x8219,"88813 Katherine Knolls
Barkermouth, CO 19113",Armed forces training and education officer,IT,117693.88
Christopher,Bullock,christopher.bullock@email.com,367-650-5629,"935 Hensley Camp
Smithmouth, VT 26762","Accountant, chartered certified",Marketing,89253.46
Donna,Wallace,donna.wallace@email.com,702-523-9478x74991,"7165 Blevins Center
Carterview, MH 79224",Child psychotherapist,IT,114962.53
Paul,Robertson,paul.robertson@email.com,(727)883-1563x76761,"922 Pamela Trail Suite 022
East Kathleenburgh, PA 15671",Health physicist,IT,111434.1
Curtis,Combs,curtis.combs@email.com,521-915-5335x9105,"08942 Michael Forges
Port Katie, OR 93000",Telecommunications researcher,Marketing,75357.81
Michael,Landry,michael.landry@email.com,001-646-604-0383x0428,"6484 Kevin Valley Suite 445
Johnsonshire, DC 88779","Librarian, public",IT,110815.29
Laura,Davis,laura.davis@email.com,+1-627-944-0699,"4968 Johnson Estate Apt. 817
South Cristina, HI 87042",Telecommunications researcher,Sales,94408.61
Mark,Smith,mark.smith@email.com,417.428.2603x8082,"436 Carey Falls Suite 499
Thomasfurt, AZ 65353",Financial manager,Marketing,52993.51
Stephen,Myers,stephen.myers@email.com,6326446927,"084 Ward Causeway Apt. 261
New Maryland, IA 88477",Comptroller,HR,102225.35
Laura,Gibbs,laura.gibbs@email.com,(336)721-5806x966,"897 Michael Trace
Perrymouth, FM 20105",Immigration officer,HR,100437.14
Steven,Donaldson,steven.donaldson@email.com,001-608-974-4120,"8195 Dudley Green Suite 753
New Thomasmouth, AK 80278","Development worker, community",Sales,42525.08
Crystal,Maxwell,crystal.maxwell@email.com,816-822-3574x80901,"761 Karen Mount Suite 797
Scottmouth, RI 97441",Equality and diversity officer,Marketing,77272.39
Mercedes,Harris,mercedes.harris@email.com,770-314-8199,"244 Reyes Stream Apt. 209
Port Gregory, WI 91081","Engineer, electrical",HR,47699.13
Melissa,Wright,melissa.wright@email.com,404-376-1644,"93653 Jerry Flat Apt. 844
New Kaitlynside, NE 92584","Biochemist, clinical",HR,75505.4
Candace,Meyer,candace.meyer@email.com,+1-562-326-9584x8113,"39983 George Viaduct Apt. 271
Ethanfurt, CO 22538","Therapist, drama",IT,65642.78
John,Mullins,john.mullins@email.com,508-428-8592,"8905 Bruce Plains
South Daniel, AR 30551","Therapist, drama",Sales,58621.64
Reginald,Osborn,reginald.osborn@email.com,001-652-820-0821,"0868 Simmons Squares
Melindabury, PR 11000","Therapist, art",Finance,100000.02
Thomas,Ramirez,thomas.ramirez@email.com,6318025532,"435 Chandler Courts
Annaside, WV 85579",Art gallery manager,Sales,99978.57
Michelle,Freeman,michelle.freeman@email.com,(363)655-5453x2811,"506 Morgan Causeway
Hansenburgh, ND 35128","Embryologist, clinical",IT,110551.52
Rebecca,Maldonado,rebecca.maldonado@email.com,2408288730,"75504 Daniel Route Apt. 634
Mccormickfurt, UT 37129",Health and safety adviser,Marketing,65190.13
